agupta01-hpcg-cpu,cesm,Jacob-MemXCT-CPU,max-io500-10,max-io500-10,hoz-scc
11/08/20:16:24:49,63.740919,0.334104,32.044087,39.968295,39.968295,0
11/09/20:17:17:30,0,24.106728,0.347255,0,0,0
11/09/20:17:26:08,0,24.106728,0.347255,0,0,0
