agupta01-hpcg-cpu,cesm,Jacob-MemXCT-CPU,max-io500-10,max-io500-10,hoz-scc
11/08/20:16:24:49,63.740919,0.334104,32.044087,39.968295,39.968295,0
